{"host_camera":{"position":{"x":-27.492454528808594,"y":55.240074157714844,"z":123.50596618652344},"rotation":{"x":-39.90005874633789,"y":-56.66053771972656,"z":0.0}},"internal":{"orbit_camera_t":0.8939999938011169},"settings":{"accumulate_frames":true,"accumulated_frame_limit":1,"camera_movement_type":0,"camera_speed_t":0.7299994826316833,"fps_limit":40,"fps_limit_enabled":false,"limit_accumulated_frames":false,"orbit_automatically":false,"orbit_camera_angle":-59.75,"orbit_camera_distance":9.100000381469727,"orbit_camera_position":{"x":-4.099999904632568,"y":6.900000095367432,"z":1.899999976158142},"orbit_camera_rotations_per_second":-0.004000000189989805,"recompile_changed_shaders_automatically":true,"saved_camera_position":{"x":0.0,"y":0.0,"z":0.0},"show_onscreen_log":true}}
