{"host_camera":{"position":{"x":-2.3429760932922363,"y":23.443862915039063,"z":111.06278991699219},"rotation":{"x":-40.999874114990234,"y":1394.9378662109375,"z":0.0}},"internal":{"orbit_camera_t":0.8939999938011169},"settings":{"accumulate_frames":true,"accumulated_frame_limit":128,"camera_movement_type":0,"camera_speed_t":0.6399996876716614,"fps_limit":40,"fps_limit_enabled":false,"limit_accumulated_frames":false,"orbit_automatically":false,"orbit_camera_angle":-24.5,"orbit_camera_distance":5.0,"orbit_camera_position":{"x":1.2000000476837158,"y":0.800000011920929,"z":0.0},"orbit_camera_rotations_per_second":-0.004000000189989805,"recompile_changed_shaders_automatically":true,"saved_camera_position":{"x":0.0,"y":0.0,"z":0.0},"show_onscreen_log":true}}
