{"sceneData":{"cam_pos":{"x":-0.053796589374542236,"y":0.5897875428199768,"z":-1.1631193161010742}},"settings":{"active_tonemapping":0,"camera_position_smoothing":0.10000000149011612,"camera_rotation_smoothing":0.10000000149011612,"camera_speed_t":0.1400000900030136,"fps_limit_enabled":false,"fps_limit_value":80,"orbit_camera_distance":10.0,"orbit_camera_enabled":false,"orbit_camera_height":5.0,"orbit_camera_position":{"x":0.0,"y":0.0,"z":0.0},"orbit_camera_rotations_per_second":0.10000000149011612,"recompile_changed_shaders_automatically":true}}
