{"internal":{"cameras":[{"blur_radius":0.0,"camera_speed_t":0.5999999046325684,"focal_distance":15.5161771774292,"movement_type":0,"orbit_automatically":true,"orbit_camera_angle":-17.75,"orbit_camera_distance":10.0,"orbit_camera_position":{"x":-0.7910000085830688,"y":1.2589999437332153,"z":-1.3339999914169312},"orbit_camera_rotations_per_second":0.09200000017881393,"orbit_camera_t":0.5955321788787842,"position":{"x":-14.91521167755127,"y":-0.6520833969116211,"z":-39.41074752807617},"rotation":{"x":-3.8999831676483154,"y":-860.00830078125,"z":0.0}}]},"settings":{"accumulate_frames":true,"accumulated_frame_limit":1,"fps_limit":40,"fps_limit_enabled":false,"limit_accumulated_frames":false,"show_onscreen_log":true}}
