{"MeshInstanceHeaders":[{"inverse_transform":{"mat4":[1.0,-0.0,0.0,-0.0,-0.0,1.0,-0.0,0.0,0.0,-0.0,1.0,-0.0,-0.0,0.6309765577316284,-0.0,1.0]},"material_idx":1,"mesh_idx":3,"transform":{"mat4":[1.0,0.0,0.0,0.0,0.0,1.0,0.0,0.0,0.0,0.0,1.0,0.0,0.0,-0.6309765577316284,0.0,1.0]}},{"inverse_transform":{"mat4":[1.0,-0.0,0.0,-0.0,-0.0,1.0,-0.0,0.0,0.0,-0.0,1.0,-0.0,4.090928554534912,0.0,1.8800804615020752,1.0]},"material_idx":0,"mesh_idx":0,"transform":{"mat4":[1.0,0.0,0.0,0.0,0.0,1.0,0.0,0.0,0.0,0.0,1.0,0.0,-4.090928554534912,0.0,-1.8800804615020752,1.0]}},{"inverse_transform":{"mat4":[0.2804333567619324,-0.0,0.0,-0.0,-0.0,1.0,-0.0,0.0,0.0,-0.0,1.0,-0.0,-0.7040445804595947,-6.103515625e-05,-7.713830471038818,1.0]},"material_idx":0,"mesh_idx":0,"transform":{"mat4":[3.5659096240997314,0.0,0.0,0.0,0.0,1.0,0.0,0.0,0.0,0.0,1.0,0.0,2.510559320449829,6.103515625e-05,7.713830471038818,1.0]}}]}
