{"host_camera":{"position":{"x":23.295818328857422,"y":5.699488162994385,"z":3.267749786376953},"rotation":{"x":-43.14988327026367,"y":-1000.513671875,"z":0.0}},"internal":{"orbit_camera_t":0.8579999804496765},"settings":{"accumulate_frames":true,"accumulated_frame_limit":128,"camera_movement_type":0,"camera_speed_t":0.5699996948242188,"fps_limit":40,"fps_limit_enabled":false,"limit_accumulated_frames":true,"orbit_automatically":false,"orbit_camera_angle":-27.75,"orbit_camera_distance":4.599999904632568,"orbit_camera_position":{"x":-0.6000000238418579,"y":6.800000190734863,"z":0.0},"orbit_camera_rotations_per_second":-0.004000000189989805,"recompile_changed_shaders_automatically":true,"saved_camera_position":{"x":0.0,"y":0.0,"z":0.0},"show_onscreen_log":true}}
