{"internal":{"cameras":[{"blur_radius":0.0,"camera_speed_t":0.6200003623962402,"focal_distance":15.5161771774292,"movement_type":0,"orbit_automatically":true,"orbit_camera_angle":-17.75,"orbit_camera_distance":10.0,"orbit_camera_position":{"x":-0.7910000085830688,"y":1.2589999437332153,"z":-1.3339999914169312},"orbit_camera_rotations_per_second":0.09200000017881393,"orbit_camera_t":0.8565645813941956,"position":{"x":52.99674606323242,"y":24.67306137084961,"z":-35.434696197509766},"rotation":{"x":-17.499990463256836,"y":128.65769958496094,"z":0.0}}]},"settings":{"accumulate_frames":false,"accumulated_frame_limit":16,"fps_limit":40,"fps_limit_enabled":false,"limit_accumulated_frames":false,"show_onscreen_log":true}}
