{"sceneData":{"cam_pos":{"x":1.0249959230422974,"y":0.4311118721961975,"z":0.01659228280186653}},"settings":{"active_tonemapping":0,"camera_position_smoothing":0.10000000149011612,"camera_rotation_smoothing":0.10000000149011612,"camera_speed_t":0.16000023484230042,"fps_limit_enabled":false,"fps_limit_value":80,"orbit_camera_distance":10.0,"orbit_camera_enabled":false,"orbit_camera_height":5.0,"orbit_camera_position":{"x":0.0,"y":0.0,"z":0.0},"orbit_camera_rotations_per_second":0.10000000149011612,"recompile_changed_shaders_automatically":true}}
