{"host_camera":{"position":{"x":-3.118856191635132,"y":6.186130523681641,"z":-7.552753925323486},"rotation":{"x":-28.54993438720703,"y":-1211.2198486328125,"z":0.0}},"internal":{"orbit_camera_t":0.8579999804496765},"settings":{"accumulate_frames":true,"accumulated_frame_limit":128,"camera_movement_type":0,"camera_speed_t":0.48999977111816406,"fps_limit":40,"fps_limit_enabled":false,"limit_accumulated_frames":true,"orbit_automatically":false,"orbit_camera_angle":-27.75,"orbit_camera_distance":4.599999904632568,"orbit_camera_position":{"x":-0.6000000238418579,"y":6.800000190734863,"z":0.0},"orbit_camera_rotations_per_second":-0.004000000189989805,"recompile_changed_shaders_automatically":true,"saved_camera_position":{"x":0.0,"y":0.0,"z":0.0},"show_onscreen_log":true}}
