{"internal":{"cameras":[{"blur_radius":0.0,"camera_movement_type":0,"focal_distance":1.0,"orbit_automatically":true,"orbit_camera_angle":-19.25,"orbit_camera_distance":2.799999952316284,"orbit_camera_position":{"x":0.0,"y":0.0,"z":0.0},"orbit_camera_rotations_per_second":0.10000000149011612,"orbit_camera_t":0.9582845568656921,"position":{"x":8.131101608276367,"y":5.318504333496094,"z":-8.485206604003906},"rotation":{"x":-25.950088500976563,"y":136.78121948242188,"z":0.0}}]},"settings":{"accumulate_frames":true,"accumulated_frame_limit":1,"camera_speed_t":0.5399997234344482,"fps_limit":40,"fps_limit_enabled":false,"limit_accumulated_frames":false,"show_onscreen_log":true}}
