{"host_camera":{"position":{"x":1.9642266035079956,"y":0.9327535629272461,"z":-6.780069351196289},"rotation":{"x":-27.099990844726563,"y":1223.43701171875,"z":0.0}},"internal":{"orbit_camera_t":0.8939999938011169},"settings":{"accumulate_frames":true,"accumulated_frame_limit":128,"camera_movement_type":0,"camera_speed_t":0.48999983072280884,"fps_limit":40,"fps_limit_enabled":false,"limit_accumulated_frames":false,"orbit_automatically":false,"orbit_camera_angle":-24.5,"orbit_camera_distance":5.0,"orbit_camera_position":{"x":1.2000000476837158,"y":0.800000011920929,"z":0.0},"orbit_camera_rotations_per_second":-0.004000000189989805,"recompile_changed_shaders_automatically":true,"saved_camera_position":{"x":0.0,"y":0.0,"z":0.0},"show_onscreen_log":true}}
