{"host_camera":{"position":{"x":-0.7158682346343994,"y":0.8473706841468811,"z":1.1222440004348755},"rotation":{"x":0.34990182518959045,"y":759.268310546875,"z":0.0}},"internal":{"orbit_camera_t":0.028518350794911385},"settings":{"accumulate_frames":true,"accumulated_frame_limit":512,"camera_movement_type":0,"camera_speed_t":0.37999987602233887,"fps_limit":80,"fps_limit_enabled":false,"limit_accumulated_frames":false,"orbit_automatically":false,"orbit_camera_angle":-17.25,"orbit_camera_distance":1.7999999523162842,"orbit_camera_position":{"x":-0.20000000298023224,"y":0.10000000149011612,"z":0.0},"orbit_camera_rotations_per_second":-0.07500000298023224,"recompile_changed_shaders_automatically":true,"saved_camera_position":{"x":0.0,"y":0.0,"z":0.0},"show_onscreen_log":true}}
