{"host_camera":{"position":{"x":1.7602274417877197,"y":0.8411002159118652,"z":2.351105213165283},"rotation":{"x":-13.050010681152344,"y":39.139366149902344,"z":0.0}},"internal":{"orbit_camera_t":0.8939999938011169},"settings":{"accumulate_frames":true,"accumulated_frame_limit":128,"camera_movement_type":0,"camera_speed_t":0.4999997615814209,"fps_limit":40,"fps_limit_enabled":false,"limit_accumulated_frames":false,"orbit_automatically":false,"orbit_camera_angle":-59.75,"orbit_camera_distance":9.100000381469727,"orbit_camera_position":{"x":-4.099999904632568,"y":6.900000095367432,"z":1.899999976158142},"orbit_camera_rotations_per_second":-0.004000000189989805,"recompile_changed_shaders_automatically":true,"saved_camera_position":{"x":0.0,"y":0.0,"z":0.0},"show_onscreen_log":true}}
