{"sceneData":{"cam_pos":{"x":-0.29434922337532043,"y":0.1556939333677292,"z":-0.6083163619041443}},"settings":{"camera_speed_t":0.23999997973442078,"fps_limit_enabled":false,"fps_limit_value":80,"orbit_camera_distance":2.200000047683716,"orbit_camera_enabled":false,"orbit_camera_height":0.800000011920929,"orbit_camera_position":{"x":0.0,"y":0.0,"z":0.0},"orbit_camera_rotations_per_second":0.05999999865889549,"recompile_changed_shaders_automatically":true}}
