{"internal":{"cameras":[{"blur_radius":0.0,"camera_movement_type":0,"focal_distance":1.0,"orbit_automatically":true,"orbit_camera_angle":-19.25,"orbit_camera_distance":2.799999952316284,"orbit_camera_position":{"x":0.0,"y":0.0,"z":0.0},"orbit_camera_rotations_per_second":0.10000000149011612,"orbit_camera_t":0.9582845568656921,"position":{"x":2.307523488998413,"y":1.2027907371520996,"z":1.6674420833587646},"rotation":{"x":-27.95002555847168,"y":179.08140563964844,"z":0.0}}]},"settings":{"accumulate_frames":true,"accumulated_frame_limit":1,"camera_speed_t":0.5099997520446777,"fps_limit":40,"fps_limit_enabled":false,"limit_accumulated_frames":false,"show_onscreen_log":true}}
