{"host_camera":{"position":{"x":-3.0033249855041504,"y":1.9425573348999023,"z":4.179940223693848},"rotation":{"x":-20.100128173828125,"y":-35.66048049926758,"z":0.0}},"internal":{"orbit_camera_t":0.8939999938011169},"settings":{"accumulate_frames":true,"accumulated_frame_limit":2,"camera_movement_type":0,"camera_speed_t":0.48999983072280884,"fps_limit":40,"fps_limit_enabled":false,"limit_accumulated_frames":false,"orbit_automatically":false,"orbit_camera_angle":-59.75,"orbit_camera_distance":9.100000381469727,"orbit_camera_position":{"x":-4.099999904632568,"y":6.900000095367432,"z":1.899999976158142},"orbit_camera_rotations_per_second":-0.004000000189989805,"recompile_changed_shaders_automatically":true,"saved_camera_position":{"x":0.0,"y":0.0,"z":0.0},"show_onscreen_log":true}}
